{
  "kompetens": {
    "precision": 0.8888888888888888,
    "recall": 0.9411764705882353,
    "f1-score": 0.9142857142857143,
    "support": 17,
    "confused_with": {
      "finaltek": 1
    }
  },
  "mood_great": {
    "precision": 0.6875,
    "recall": 0.6111111111111112,
    "f1-score": 0.6470588235294118,
    "support": 18,
    "confused_with": {
      "mood_unhappy": 3,
      "strategi": 2
    }
  },
  "affirm": {
    "precision": 0.0,
    "recall": 0.0,
    "f1-score": 0.0,
    "support": 7,
    "confused_with": {
      "goodbye": 3,
      "deny": 2,
      "mood_great": 1
    }
  },
  "tekniska": {
    "precision": 0.9090909090909091,
    "recall": 1.0,
    "f1-score": 0.9523809523809523,
    "support": 10,
    "confused_with": {}
  },
  "deny": {
    "precision": 0.6666666666666666,
    "recall": 0.4444444444444444,
    "f1-score": 0.5333333333333333,
    "support": 9,
    "confused_with": {
      "mood_unhappy": 4,
      "affirm": 1
    }
  },
  "mood_unhappy": {
    "precision": 0.5714285714285714,
    "recall": 0.8571428571428571,
    "f1-score": 0.6857142857142857,
    "support": 14,
    "confused_with": {
      "mood_great": 2
    }
  },
  "data": {
    "precision": 0.9,
    "recall": 0.8181818181818182,
    "f1-score": 0.8571428571428572,
    "support": 22,
    "confused_with": {
      "budget": 2,
      "mood_unhappy": 1
    }
  },
  "ideer": {
    "precision": 0.95,
    "recall": 0.9047619047619048,
    "f1-score": 0.9268292682926829,
    "support": 21,
    "confused_with": {
      "strategi": 1,
      "budget": 1
    }
  },
  "budget": {
    "precision": 0.8518518518518519,
    "recall": 0.9583333333333334,
    "f1-score": 0.9019607843137256,
    "support": 24,
    "confused_with": {
      "strategi": 1
    }
  },
  "strategi": {
    "precision": 0.9024390243902439,
    "recall": 0.9487179487179487,
    "f1-score": 0.9249999999999999,
    "support": 39,
    "confused_with": {
      "ideer": 1,
      "data": 1
    }
  },
  "finaltek": {
    "precision": 0.9285714285714286,
    "recall": 0.9285714285714286,
    "f1-score": 0.9285714285714286,
    "support": 14,
    "confused_with": {
      "kompetens": 1
    }
  },
  "greet": {
    "precision": 0.8461538461538461,
    "recall": 0.8461538461538461,
    "f1-score": 0.8461538461538461,
    "support": 13,
    "confused_with": {
      "mood_unhappy": 1,
      "goodbye": 1
    }
  },
  "goodbye": {
    "precision": 0.5555555555555556,
    "recall": 0.45454545454545453,
    "f1-score": 0.5,
    "support": 11,
    "confused_with": {
      "greet": 2,
      "affirm": 2
    }
  },
  "accuracy": 0.817351598173516,
  "macro avg": {
    "precision": 0.7429343648152279,
    "recall": 0.7471646628886448,
    "f1-score": 0.7398793302860184,
    "support": 219
  },
  "weighted avg": {
    "precision": 0.8040077520949557,
    "recall": 0.817351598173516,
    "f1-score": 0.8066499625799757,
    "support": 219
  }
}